record_id,risk_score,quality_segment,risk_flags,suggested_documents,follow_up_questions
R013,110,可疑增长收入,大额收入；期末集中确认；收入复算偏差；合同费率偏差；低回款覆盖；新客户大额收入,基金合同/费率表、TA申购确认、销售渠道结算单、发票、银行回单,该笔收入在期末确认，请说明对应交易确认日/服务期间/结算日，是否存在跨期确认风险？；该笔收入复算金额与账面确认金额不一致，请说明差异来源，是费率优惠、渠道分成、补提还是计算口径差异？；实际费率与合同费率存在偏差，请提供费率表、补充协议或审批记录。；该笔收入回款覆盖较低，请说明截至报告日的回款状态、未回款原因和后续收款安排。；新客户首笔收入金额较大，请提供客户背景、合同、交易确认和回款证据。
R016,80,可疑增长收入,大额收入；期末集中确认；业绩报酬门槛未满足；低回款覆盖,业绩报酬条款、业绩基准/门槛证明、超额收益计算表、复核记录、结算单,该笔收入在期末确认，请说明对应交易确认日/服务期间/结算日，是否存在跨期确认风险？；业绩报酬确认前是否已经满足计提门槛？请提供业绩基准、超额收益计算表和复核记录。；该笔收入回款覆盖较低，请说明截至报告日的回款状态、未回款原因和后续收款安排。
R017,80,可疑增长收入,期末集中确认；收入复算偏差；合同费率偏差；关联方收入,基金合同/费率表、TA申购确认、销售渠道结算单、发票、银行回单,该笔收入在期末确认，请说明对应交易确认日/服务期间/结算日，是否存在跨期确认风险？；该笔收入复算金额与账面确认金额不一致，请说明差异来源，是费率优惠、渠道分成、补提还是计算口径差异？；实际费率与合同费率存在偏差，请提供费率表、补充协议或审批记录。；该笔收入涉及关联方，请说明定价是否公允、交易是否具有商业实质以及是否需要抵销或披露。
R014,80,可疑增长收入,期末集中确认；收入复算偏差；合同费率偏差；期后退款或冲回,基金合同/费率表、TA赎回确认、赎回费计算表、发票、银行回单、期后退款明细,该笔收入在期末确认，请说明对应交易确认日/服务期间/结算日，是否存在跨期确认风险？；该笔收入复算金额与账面确认金额不一致，请说明差异来源，是费率优惠、渠道分成、补提还是计算口径差异？；实际费率与合同费率存在偏差，请提供费率表、补充协议或审批记录。；该笔收入期后发生退款或冲回，请说明原始交易、退款原因以及是否影响本期收入确认。
R015,75,可疑增长收入,期末集中确认；收入复算偏差；合同费率偏差；低回款覆盖,销售服务协议、C类份额AUM明细、服务费率表、渠道结算单、发票、银行回单,该笔收入在期末确认，请说明对应交易确认日/服务期间/结算日，是否存在跨期确认风险？；该笔收入复算金额与账面确认金额不一致，请说明差异来源，是费率优惠、渠道分成、补提还是计算口径差异？；实际费率与合同费率存在偏差，请提供费率表、补充协议或审批记录。；该笔收入回款覆盖较低，请说明截至报告日的回款状态、未回款原因和后续收款安排。
R012,60,可疑增长收入,期末集中确认；收入复算偏差；合同费率偏差,基金合同/管理费条款、按产品/份额类别AUM明细、计费天数、基金会计结算单、银行回单,该笔收入在期末确认，请说明对应交易确认日/服务期间/结算日，是否存在跨期确认风险？；该笔收入复算金额与账面确认金额不一致，请说明差异来源，是费率优惠、渠道分成、补提还是计算口径差异？；实际费率与合同费率存在偏差，请提供费率表、补充协议或审批记录。
R020,40,可疑增长收入,期末集中确认；缺少业务量/AUM支撑,基金合同/管理费条款、按产品/份额类别AUM明细、计费天数、基金会计结算单、银行回单,该笔收入在期末确认，请说明对应交易确认日/服务期间/结算日，是否存在跨期确认风险？；这笔收入缺少对应交易金额、平均AUM或计费天数支撑，请补充业务量明细和计算过程。
R019,20,可疑增长收入,期后退款或冲回,基金合同/费率表、TA申购确认、销售渠道结算单、发票、银行回单,该笔收入期后发生退款或冲回，请说明原始交易、退款原因以及是否影响本期收入确认。
