record_id,period,recognition_date,fund_product,fund_type,fund_category,aum_size_band,risk_exposure,income_stability_type,fee_type,channel,customer_type,customer_name,share_class,revenue_model,recognized_revenue,business_volume,subscription_amount,redemption_amount,average_aum,performance_base,fee_rate_contract,service_days,cash_collected,invoice_amount,settlement_date,is_new_customer,is_related_party,refund_after_period,performance_hurdle_met,expected_revenue,expected_variance,actual_rate,rate_diff,cash_collection_ratio,quality_segment,risk_score,risk_flags,suggested_documents,follow_up_questions
R013,2025-12,2025-12-28,Omega Private Fund,Private Equity,私募/专户产品,小规模,高波动,一次性/高不确定性收入,subscription_fee,direct,institutional,New Horizon Capital,A,fund_fee,2100000.00,300000000,300000000,0,0,0,0.003,0,300000.00,2100000.00,2026-01-10,true,false,0,false,900000.00,1200000.00,0.00700000,0.00400000,0.1429,可疑增长收入,110,大额收入；期末集中确认；收入复算偏差；合同费率偏差；低回款覆盖；新客户大额收入,基金合同/费率表、TA申购确认、销售渠道结算单、发票、银行回单,该笔收入在期末确认，请说明对应交易确认日/服务期间/结算日，是否存在跨期确认风险？；该笔收入复算金额与账面确认金额不一致，请说明差异来源，是费率优惠、渠道分成、补提还是计算口径差异？；实际费率与合同费率存在偏差，请提供费率表、补充协议或审批记录。；该笔收入回款覆盖较低，请说明截至报告日的回款状态、未回款原因和后续收款安排。；新客户首笔收入金额较大，请提供客户背景、合同、交易确认和回款证据。
R016,2025-12,2025-12-31,Delta Quant FoF,FOF,FOF基金,小规模,高波动,一次性/高不确定性收入,performance_fee,direct,institutional,Evergreen Treasury,A,fund_fee,800000.00,4000000,0,0,0,4000000,0.200,0,0.00,800000.00,2026-01-15,false,false,0,false,0.00,800000.00,0.20000000,0.00000000,0.0000,可疑增长收入,80,大额收入；期末集中确认；业绩报酬门槛未满足；低回款覆盖,业绩报酬条款、业绩基准/门槛证明、超额收益计算表、复核记录、结算单,该笔收入在期末确认，请说明对应交易确认日/服务期间/结算日，是否存在跨期确认风险？；业绩报酬确认前是否已经满足计提门槛？请提供业绩基准、超额收益计算表和复核记录。；该笔收入回款覆盖较低，请说明截至报告日的回款状态、未回款原因和后续收款安排。
R017,2025-12,2025-12-26,Related Alpha Fund,Equity,偏股型基金,中规模,高波动,交易型收入,subscription_fee,direct,related_party,Blue River Holdings,A,fund_fee,600000.00,100000000,100000000,0,0,0,0.003,0,600000.00,600000.00,2025-12-29,false,true,0,false,300000.00,300000.00,0.00600000,0.00300000,1.0000,可疑增长收入,80,期末集中确认；收入复算偏差；合同费率偏差；关联方收入,基金合同/费率表、TA申购确认、销售渠道结算单、发票、银行回单,该笔收入在期末确认，请说明对应交易确认日/服务期间/结算日，是否存在跨期确认风险？；该笔收入复算金额与账面确认金额不一致，请说明差异来源，是费率优惠、渠道分成、补提还是计算口径差异？；实际费率与合同费率存在偏差，请提供费率表、补充协议或审批记录。；该笔收入涉及关联方，请说明定价是否公允、交易是否具有商业实质以及是否需要抵销或披露。
R014,2025-12,2025-12-30,Beta Bond Plus,Bond,债券型基金,中规模,低波动,交易型收入,redemption_fee,bank,retail,Sunrise Retail Pool,A,fund_fee,300000.00,50000000,0,50000000,0,0,0.002,0,300000.00,300000.00,2026-01-02,false,false,120000.00,false,100000.00,200000.00,0.00600000,0.00400000,1.0000,可疑增长收入,80,期末集中确认；收入复算偏差；合同费率偏差；期后退款或冲回,基金合同/费率表、TA赎回确认、赎回费计算表、发票、银行回单、期后退款明细,该笔收入在期末确认，请说明对应交易确认日/服务期间/结算日，是否存在跨期确认风险？；该笔收入复算金额与账面确认金额不一致，请说明差异来源，是费率优惠、渠道分成、补提还是计算口径差异？；实际费率与合同费率存在偏差，请提供费率表、补充协议或审批记录。；该笔收入期后发生退款或冲回，请说明原始交易、退款原因以及是否影响本期收入确认。
R015,2025-12,2025-12-31,Gamma Money Market,Money Market,货币型基金,大规模,低波动,稳定基础收入,sales_service_fee,online,retail,Online C Class Pool,C,fund_fee,220000.00,0,0,0,600000000,0,0.002,31,50000.00,220000.00,2026-01-09,false,false,0,false,101917.81,118082.19,0.00431720,0.00231720,0.2273,可疑增长收入,75,期末集中确认；收入复算偏差；合同费率偏差；低回款覆盖,销售服务协议、C类份额AUM明细、服务费率表、渠道结算单、发票、银行回单,该笔收入在期末确认，请说明对应交易确认日/服务期间/结算日，是否存在跨期确认风险？；该笔收入复算金额与账面确认金额不一致，请说明差异来源，是费率优惠、渠道分成、补提还是计算口径差异？；实际费率与合同费率存在偏差，请提供费率表、补充协议或审批记录。；该笔收入回款覆盖较低，请说明截至报告日的回款状态、未回款原因和后续收款安排。
R012,2025-11,2025-11-30,Alpha Growth Equity,Equity,偏股型基金,大规模,高波动,稳定基础收入,management_fee,direct,institutional,North Star AM,A,fund_fee,616438.36,0,0,0,1200000000,0,0.005,30,616438.36,616438.36,2025-12-04,false,false,0,false,493150.68,123287.68,0.00625000,0.00125000,1.0000,可疑增长收入,60,期末集中确认；收入复算偏差；合同费率偏差,基金合同/管理费条款、按产品/份额类别AUM明细、计费天数、基金会计结算单、银行回单,该笔收入在期末确认，请说明对应交易确认日/服务期间/结算日，是否存在跨期确认风险？；该笔收入复算金额与账面确认金额不一致，请说明差异来源，是费率优惠、渠道分成、补提还是计算口径差异？；实际费率与合同费率存在偏差，请提供费率表、补充协议或审批记录。
R020,2025-12,2025-12-29,Sigma Enhanced Bond,Bond,债券型基金,小规模,低波动,稳定基础收入,management_fee,bank,institutional,City Bank Custody,A,fund_fee,500000.00,0,0,0,0,0,0.005,31,500000.00,500000.00,2025-12-31,false,false,0,false,0.00,500000.00,,,1.0000,可疑增长收入,40,期末集中确认；缺少业务量/AUM支撑,基金合同/管理费条款、按产品/份额类别AUM明细、计费天数、基金会计结算单、银行回单,该笔收入在期末确认，请说明对应交易确认日/服务期间/结算日，是否存在跨期确认风险？；这笔收入缺少对应交易金额、平均AUM或计费天数支撑，请补充业务量明细和计算过程。
R019,2026-01,2026-01-06,Omega Private Fund,Private Equity,私募/专户产品,小规模,高波动,一次性/高不确定性收入,subscription_fee,direct,institutional,New Horizon Capital,A,fund_fee,-120000.00,-40000000,-40000000,0,0,0,0.003,0,-120000.00,-120000.00,2026-01-07,true,false,120000.00,false,-120000.00,0.00,0.00300000,0.00000000,,可疑增长收入,20,期后退款或冲回,基金合同/费率表、TA申购确认、销售渠道结算单、发票、银行回单,该笔收入期后发生退款或冲回，请说明原始交易、退款原因以及是否影响本期收入确认。
